rev,z,area_mm2,centroid_y,Ixx_mm4,section_modulus_mm3,nominal_bending_MPa
C,3.6,107.14159265359721,69.99999999999993,317.35176877782214,105.78392292593821,47.644290933780375
D,3.6,147.97182431244005,69.73602555301508,1234.7347245790297,188.91216299015915,28.53177855086428
C,3.8,107.14159265359721,69.99999999999993,317.35176877782214,105.78392292593821,46.9825646708112
D,3.8,146.5124552149748,69.75575605063821,1200.791097066016,185.04770484931942,28.74934333463886
C,4.0,107.14159265359721,69.99999999999993,317.35176877782214,105.78392292593821,46.32083840784203
D,4.0,145.5700059803341,69.76569261792062,1171.433739855769,182.11571960270751,28.827824481341192
C,4.2,107.14159265359721,69.99999999999993,317.35176877782214,105.78392292593821,45.65911214487286
D,4.2,144.87000598033404,69.77101583789262,1144.4479895872064,179.6335182186211,28.83648915507926
C,4.4,100.24811747774761,69.99999999999997,296.67134325014194,98.89044775004638,48.13407268648723
D,4.4,144.17000598033408,69.77630982738305,1117.9712321436964,177.18454176682283,28.839987670734995
C,4.6,95.56921174040156,69.99999999999996,282.6346260383143,94.2115420127701,49.78158620272115
D,4.6,143.47000598033412,69.7815741585393,1091.998664836632,174.7689782428701,28.838069837520564
C,4.8,92.69167915904222,69.99999999999997,274.00202829402406,91.33400943134049,50.58356715931805
D,4.8,137.10961730110012,69.77800706250133,1049.2764287900645,169.84060040314012,29.262732162998827
C,5.0,90.64432015175191,69.99999999999996,267.859951272374,89.28665042412341,50.95946570273269
D,5.0,129.70068910348107,69.77217666692233,1003.852821547538,164.4175214692143,29.802176533341555
C,5.2,89.14159265359287,69.99999999999997,263.3517687776475,87.78392292588167,51.03440186630284
D,5.2,125.17000598033404,69.77093564607462,967.7054500357481,160.279760061967,30.13480927431284
C,5.4,88.05442418888859,69.99999999999996,260.09026338381227,86.69675446126952,50.86695606316037
D,5.4,121.68685555686646,69.77148890612025,935.2472828614991,156.61877591415336,30.392269204102796
C,5.6,87.31433868336285,69.99999999999996,257.87000686716055,85.95666895571897,50.49055591295393
D,5.6,118.83330803576395,69.77318418960444,905.1972567860503,153.25396958034023,30.602796213649555
C,5.8,86.88326103423182,69.99999999999996,256.5767739198054,85.52559130660059,49.926576768028205
D,5.8,116.4305664075249,69.77573400932002,877.0035536306677,150.11013490315895,30.777402225242927
C,6.0,86.74159265359279,69.99999999999997,256.1517687776359,85.38392292587781,49.189588110703696
D,6.0,114.38323273543834,69.7789778655526,850.3687974526547,147.14865106536305,30.921112542030045
C,6.2,86.7415926535928,69.99999999999996,256.1517687778687,85.38392292595502,48.369761642148234
D,6.2,112.6343169665584,69.78281305828422,825.112835205975,144.34774386043784,31.036162257800672
C,6.4,86.7415926535928,69.99999999999996,256.1517687778687,85.38392292595502,47.549935173637245
D,6.4,111.14770784969241,69.7871674859647,801.1192541215569,141.69486272403418,31.123217279859638
C,6.6,86.7415926535928,69.99999999999996,256.1517687778687,85.38392292595502,46.730108705126256
D,6.6,109.90009818975261,69.79198693731098,778.3107333134394,139.1832173498796,31.181920368244413
C,6.8,86.7415926535928,69.99999999999996,256.1517687778687,85.38392292595502,45.91028223661527
D,6.8,108.87688418311618,69.79722846800819,756.6365170622012,136.81006455414163,31.211154047151094
C,7.0,86.7415926535928,69.99999999999996,256.1517687778687,85.38392292595502,45.090455768104285
D,7.0,108.07000598033407,69.80285671618375,736.0658081956208,134.57585911480723,31.20916357232364
C,7.2,86.74159265359282,69.99999999999997,256.1517687776359,85.38392292587781,44.270629299633335
D,7.2,107.37000598033396,69.80865153543782,716.2599569456652,132.42856417217612,31.186625225585075
C,7.4,86.74159265359282,69.99999999999997,256.1517687776359,85.38392292587781,43.4508028311216
D,7.4,106.670005980334,69.81441303773764,696.88913899404,130.3145457241416,31.155386203735652
C,7.6,86.74159265359282,69.99999999999997,256.1517687776359,85.38392292587781,42.63097636260987
D,7.6,105.97000598033412,69.82014056284345,677.9485626696842,128.23402353039938,31.114987194128894
C,7.8,86.74159265359282,69.99999999999997,256.1517687776359,85.38392292587781,41.811149894098136
D,7.8,105.27000598033416,69.82583343295441,659.4334355618921,126.18722812775994,31.064950535494315
C,8.0,86.74159265359282,69.99999999999997,256.1517687776941,85.38392292589722,40.99132342557709
D,8.0,104.57000598033395,69.83149095212055,641.338964496681,124.17440149957069,31.00477999898643
C,8.2,86.74159265359282,69.99999999999997,256.1517687775777,85.38392292585841,40.171496957083804
D,8.2,103.87000598033399,69.83711240563136,623.6603555105976,122.19579779533646,30.933960645120166
C,8.4,86.74159265359282,69.99999999999997,256.1517687776941,85.38392292589722,39.351670488554014
D,8.4,103.17000598033411,69.84269705937933,606.3928138238844,120.25168410543425,30.851958769634752
C,8.6,86.74159265359282,69.99999999999997,256.1517687776359,85.38392292587781,38.53184402005123
D,8.6,102.47000598033415,69.84824415919744,589.5315438128309,118.34234129585622,30.758221952867984
C,8.8,86.74159265359282,69.99999999999997,256.1517687776359,85.38392292587781,37.712017551539496
D,8.8,101.77000598033402,69.8537529301692,573.071748980612,116.46806490835328,30.65217922877976
C,9.0,86.74159265359282,69.99999999999997,256.1517687775777,85.38392292585841,36.89219108303615
D,9.0,101.07000598033397,69.8592225759102,557.0086319266702,114.6291661320608,30.533241391355457
C,9.2,86.74159265359282,69.99999999999997,256.1517687775777,85.38392292585841,36.07236461452423
D,9.2,100.3700059803341,69.86465227781947,541.3373943160987,112.82597285364339,30.40080145774021
C,9.4,86.74159265359282,69.99999999999997,256.1517687776359,85.38392292587781,35.25253814600432
D,9.4,99.67000598033414,69.87004119429935,526.0532368457643,111.05883079276093,30.254235309480787
C,9.6,86.74159265359282,69.99999999999997,256.1517687776359,85.38392292587781,34.432711677492584
D,9.6,98.97000598033402,69.87538845994213,511.15135921142064,109.32810473201822,30.092902534662514
C,9.8,86.74159265359282,69.99999999999997,256.1517687775777,85.38392292585841,33.61288520898849
D,9.8,98.27000598033415,69.88069318468216,496.6269600704545,107.63417984950308,29.916147496104745
C,10.0,86.74159265359282,69.99999999999997,256.1517687775777,85.38392292585841,32.79305874047658
D,10.0,97.5700059803341,69.88595445291128,482.47523700556485,105.97746316528405,29.723300652018935
C,10.2,86.74159265359282,69.99999999999997,256.1517687775777,85.38392292585841,31.973232271964662
D,10.2,96.87000598033399,69.8911713225559,468.6913864861708,104.35838511264835,29.513680157807464
C,10.4,86.74159265359282,69.99999999999997,256.1517687776359,85.38392292587781,31.153405803445676
D,10.4,96.17000598033403,69.89634282411389,455.27060382731725,102.77740124679576,29.286593779231612
C,10.6,86.74159265359282,69.99999999999997,256.1517687776359,85.38392292587781,30.333579334933948
D,10.6,95.47000598033415,69.90146795964894,442.2080831474159,101.23499410557436,29.041341148634622
C,10.8,86.74159265359282,69.99999999999997,256.1517687776359,85.38392292587781,29.513752866422212
D,10.8,94.77000598033419,69.90654570174055,429.49901732453145,99.73167523821759,28.777216397345782
C,11.0,86.74159265359282,69.99999999999997,256.1517687776359,85.38392292587781,28.693926397910488
D,11.0,94.07000598033396,69.91157499238699,417.138597949408,98.26798741963971,28.49351119854517
C,11.2,86.74159265359282,69.99999999999997,256.1517687776359,85.38392292587781,27.874099929398756
D,11.2,93.370005980334,69.9165547418589,405.12201527826255,96.8445070711795,28.189518255211766
C,11.4,86.74159265359282,69.99999999999997,256.1517687776359,85.38392292587781,27.054273460887032
D,11.4,92.67000598033412,69.92148382750105,393.4444581812131,95.4618469095798,27.86453526841479
C,11.6,86.74159265359282,69.99999999999997,256.1517687776359,85.38392292587781,26.234446992375304
D,11.6,91.97000598033416,69.92636109247933,382.1011140907649,94.12065885088818,27.51786942017947
C,11.8,86.74159265359282,69.99999999999997,256.1517687776359,85.38392292587781,25.414620523863572
D,11.8,91.27000598033405,69.93118534446998,371.08716894552344,92.82163719712534,27.14884240458154
C,12.0,86.74159265359282,69.99999999999997,256.1517687775777,85.38392292585841,24.594794055357436
D,12.0,90.570005980334,69.93595535428823,360.39780713338405,91.56552213955673,26.756796037988064
C,12.2,86.74159265359282,69.99999999999997,256.1517687776359,85.38392292587781,23.774967586840123
D,12.2,89.87000598033413,69.94066985445264,350.02821143047186,90.3531036148985,26.341098476749586
C,12.4,86.74159265359282,69.99999999999997,256.1517687776359,85.38392292587781,22.955141118328388
D,12.4,89.17000598033417,69.94532753768202,339.9735629383358,89.1852255573993,25.901151065803965
C,12.6,86.74159265359282,69.99999999999997,256.1517687775777,85.38392292585841,22.135314649821694
D,12.6,88.47000598033404,69.94992705532084,330.22904101747554,88.06279059452872,25.436395836167943
C,12.8,86.74159265359282,69.99999999999997,256.1517687776941,85.38392292589722,21.315488181300086
D,12.8,87.77000598033416,69.95446701568933,320.78982321784133,86.98676524146913,24.946323661722936
C,13.0,86.74159265359282,69.99999999999997,256.1517687776359,85.38392292587781,20.495661712793208
D,13.0,87.07000598033412,69.95894598235407,311.65108520619106,85.95818565735858,24.43048307663095
C,13.2,86.74159265359282,69.99999999999997,256.1517687775777,85.38392292585841,19.675835244285942
D,13.2,86.37000598033399,69.96336247231434,302.80800069042016,84.97816403554138,23.888489743682502
C,13.4,86.74159265359282,69.99999999999997,256.1517687776359,85.38392292587781,18.856008775769748
D,13.4,85.67000598033403,69.9677149540998,294.25574133731425,84.04789570984575,23.320036551139932
C,13.6,86.74159265359282,69.99999999999997,256.1517687775777,85.38392292585841,18.036182307262123
D,13.6,84.97000598033415,69.97200184577373,285.98947669175686,83.16866707480098,22.72490429959825
C,13.8,86.74159265359282,69.99999999999997,256.1517687775777,85.38392292585841,17.216355838750204
D,13.8,84.27000598033419,69.97622151283726,278.0043740855763,82.34186442700285,22.102972924707746
C,14.0,86.74159265359282,69.99999999999997,256.1517687775777,85.38392292585841,16.39652937023829
D,14.0,83.57000598033396,69.98037226602777,270.2955985472072,81.56898385883247,21.454233180453016
C,14.2,86.74159265359282,69.99999999999997,256.1517687776359,85.38392292587781,15.576702901722832
D,14.2,82.87000671206526,69.98445238561949,262.85831934964517,80.85164373319604,20.77879833270756
C,14.4,86.74159265359282,69.99999999999997,256.1517687776359,85.38392292587781,14.756876433211106
D,14.4,82.1705716815919,69.98848034581005,255.69275945285335,80.19267228316393,20.07664733150452
C,14.6,86.74159265359282,69.99999999999997,256.1517687775777,85.38392292585841,13.937049964702549
D,14.6,81.47534989678391,69.99248465618889,248.82628146605566,79.60357330469161,19.34586521770169
C,14.8,86.74159265359282,69.99999999999997,256.1517687775777,85.38392292585841,13.117223496190629
D,14.8,80.79303544880489,69.99638011894909,242.32933433639118,79.11382074684064,18.580824262095863
C,15.0,86.74159265359282,69.99999999999997,256.1517687776359,85.38392292587781,12.297397027675924
D,15.0,80.14159265358978,70.0,236.35176877782214,78.78392292594071,17.770122989636384
C,15.2,86.74159265359282,69.99999999999997,256.1517687775777,85.38392292585841,11.4775705591668
D,15.2,80.14159265358978,70.0,236.35176877782214,78.78392292594071,16.881616840154557
C,15.4,86.74159265359282,69.99999999999997,256.1517687775777,85.38392292585841,10.657744090654887
D,15.4,80.14159265358978,70.0,236.35176877776394,78.78392292592132,15.99311069067668
C,15.6,86.74159265359282,69.99999999999997,256.1517687775777,85.38392292585841,9.837917622142976
D,15.6,80.14159265358978,70.0,236.35176877776394,78.78392292592132,15.104604541194648
C,15.8,86.74159265359282,69.99999999999997,256.1517687776359,85.38392292587781,9.018091153629008
D,15.8,80.14159265358978,70.0,236.35176877782214,78.78392292594071,14.216098391709103
C,16.0,86.74159265359282,69.99999999999997,256.1517687775777,85.38392292585841,8.198264685119145
D,16.0,80.14159265358978,70.0,236.35176877776394,78.78392292592132,13.327592242230569
C,16.2,86.74159265359282,69.99999999999997,256.1517687776359,85.38392292587781,7.378438216605542
D,16.2,80.14159265358978,70.0,236.35176877782214,78.78392292594071,12.439086092745455
C,16.4,86.74159265359282,69.99999999999997,256.1517687776359,85.38392292587781,6.558611748093817
D,16.4,80.14159265358978,70.0,236.35176877776394,78.78392292592132,11.550579943266483
C,16.6,86.74159265359282,69.99999999999997,256.1517687776359,85.38392292587781,5.738785279582092
D,16.6,80.14159265358978,70.0,236.35176877782214,78.78392292594071,10.662073793781824
C,16.8,86.74159265359282,69.99999999999997,256.1517687775777,85.38392292585841,4.918958811071485
D,16.8,80.14159265358978,70.0,236.35176877782214,78.78392292594071,9.773567644300007
C,17.0,86.74159265359282,69.99999999999997,256.1517687776359,85.38392292587781,4.099132342558641
D,17.0,80.14159265358978,70.0,236.35176877776394,78.78392292592132,8.885061494820379
C,17.2,86.7415926535928,69.99999999999997,256.1517687776941,85.38392292589722,3.2793058740461554
D,17.2,80.14159265358978,70.0,236.35176877776394,78.78392292592132,7.9965553453383285
C,17.4,86.7415926535928,69.99999999999997,256.1517687776941,85.38392292589722,2.459479405534617
D,17.4,80.14159265358978,70.0,236.35176877776394,78.78392292592132,7.108049195856293
C,17.6,86.7415926535928,69.99999999999997,256.1517687776359,85.38392292587781,1.6396529370234505
D,17.6,80.14159265358978,70.0,236.35176877770573,78.7839229259019,6.219543046375791
C,17.8,86.7415926535928,69.99999999999997,256.1517687776359,85.38392292587781,0.8198264685117252
D,17.8,80.14159265358978,70.0,236.35176877776394,78.78392292592132,5.331036896892225
C,18.0,86.74159265359279,69.99999999999997,256.1517687776359,85.38392292587781,0.0
D,18.0,80.14159265358978,70.0,236.35176877776394,78.78392292592132,4.442530747410189
C,18.2,86.88326103423185,69.99999999999996,256.5767739197472,85.52559130658119,0.0
D,18.2,80.14159265358978,70.0,236.35176877776394,78.78392292592132,3.5540245979281386
C,18.4,87.31433868336286,69.99999999999997,257.87000686698593,85.95666895566116,0.0
D,18.4,80.14159265358978,70.0,236.35176877776394,78.78392292592132,2.6655184484461043
C,18.6,88.0544241888886,69.99999999999997,260.09026338357944,86.69675446119233,0.0
D,18.6,80.14159265358978,70.0,236.35176877770573,78.7839229259019,1.7770122989645072
