ID,品名・材質,4弦分の数量,備考
B01,固定ベース A6061-T6,4,18×82×12
C01,キャリッジ A6061-T6,4,18×40×5
A01,アンカー C3604,4,18×26×10
H01,M3×10 平先 六角穴付き止めねじ SUS,16,高さ調整
H02,M3×16 六角穴付きボルト SUS,8,アンカー保持 g<=3
H03,M3×20 六角穴付きボルト SUS,8予備,アンカー保持 g>3
H04,M3×10 六角穴付きボルト SUS,8,キャリッジ固定
H05,M3 DIN562 薄形四角ナット SUS,8,5.5角×厚さ1.8
H06,M3全ねじ棒 SUS、長さ40,4,キャリッジへ10ねじ込む
H07,M3六角ナット SUS,8,後面調整＋ジャムロック
H08,M3平座金 φ7×厚さ0.5 SUS,12,固定用8、後面用4
H09,M3小形平座金 φ6×厚さ0.5 SUS,32予備,アンカー保持用の長さ合わせ
H10,3.5×20 皿木ねじ SUS,8,頭φ7以下／下穴は木部に合わせる
P01,φ12以下・接着型ピエゾ接触センサ,4別途,参考外形、品番未確定
