用途,型番,価格適用数量,販売単位,最小注文数量,通常単価_税別円,納期割引単価_税別円,納期条件,仕様と選び方（Rev G）,確認状態,確認日,URL
圧縮ばね：待てる場合優先,UY6-20,4〜9,個,1,250,87,1日目／納期割引10日目,SUS304-WPB; OD6/wire0.35/L20/IDnom5.3/k0.098/solid3.85/Fmax15,数量4の見積表示確認,2026-10-05,https://jp.misumi-ec.com/vona2/detail/110302604820/?HissuCode=UY6-20
圧縮ばね：1弦試作,UY6-20,1〜3,個,1,250,125,1日目／納期割引10日目,同上。1弦では1個125円、10個エコノミー購入より少額,数量1の見積表示確認,2026-10-05,https://jp.misumi-ec.com/vona2/detail/110302604820/?HissuCode=UY6-20
圧縮ばね：通常納期で予備込み,E-GUY6-20,10以上・10個単位,個,10,78,,1日目／納期割引10日目,UY6-20と同じ公称外形・荷重。10個780円、4個使用,数量10の見積表示確認,2026-10-05,https://jp.misumi-ec.com/vona2/detail/110310903599/?HissuCode=E-GUY6-20
後方オクターブねじ,SCB4-30,10〜29,本,1,77,19,1日目／納期割引10日目,M4x30; SUS304相当 A2-70; 半ねじ部20; 頭D7 H4 hex3,数量10の見積表示確認,2026-10-05,https://jp.misumi-ec.com/vona2/detail/110300239250/?HissuCode=SCB4-30
後方オクターブねじ：1弦試作,SCB4-30,1〜9,本,1,280,140,1日目／納期割引10日目,4弦では4本1120/560円より10本770/190円が少額,数量10見積の公開数量別価格表,2026-10-05,https://jp.misumi-ec.com/vona2/detail/110300239250/?HissuCode=SCB4-30
固定：価格優先のキャップ頭代案,SCB3-16,10〜29,本,1,55,15,1日目／納期割引10日目,M3x16; SUS304相当 A2-70; 全ねじ; 頭D5.5 H3 hex2.5; 8本使用,数量10の見積表示確認,2026-10-05,https://jp.misumi-ec.com/vona2/detail/110300239250/?HissuCode=SCB3-16
高さ調整：gで長さ選択,MSSFS4-8,10〜199,本,1,117,38,1日目／納期割引10日目,SUSXM7; M4x0.7; 平先; hex2; L8; 有効掛かり公称4..8,数量10または20の見積表示確認,2026-10-05,https://jp.misumi-ec.com/vona2/detail/110302679970/?HissuCode=MSSFS4-8
高さ調整：必要数購入,MSSFS4-8,1〜9,本,1,160,80,1日目／納期割引10日目,同上。4本使用なら4本320円、10本380円より少額,見積表示の公開数量別価格表,2026-10-05,https://jp.misumi-ec.com/vona2/detail/110302679970/?HissuCode=MSSFS4-8
高さ調整：gで長さ選択,MSSFS4-12,10〜199,本,1,118,38,1日目／納期割引10日目,SUSXM7; M4x0.7; 平先; hex2; L12; 有効掛かり公称4..8,数量10または20の見積表示確認,2026-10-05,https://jp.misumi-ec.com/vona2/detail/110302679970/?HissuCode=MSSFS4-12
高さ調整：必要数購入,MSSFS4-12,1〜9,本,1,160,80,1日目／納期割引10日目,同上。4本使用なら4本320円、10本380円より少額,見積表示の公開数量別価格表,2026-10-05,https://jp.misumi-ec.com/vona2/detail/110302679970/?HissuCode=MSSFS4-12
高さ調整：gで長さ選択,MSSFS4-16,10〜199,本,1,118,38,1日目／納期割引10日目,SUSXM7; M4x0.7; 平先; hex2; L16; 有効掛かり公称4..8,数量10または20の見積表示確認,2026-10-05,https://jp.misumi-ec.com/vona2/detail/110302679970/?HissuCode=MSSFS4-16
高さ調整：必要数購入,MSSFS4-16,1〜9,本,1,160,80,1日目／納期割引10日目,同上。4本使用なら4本320円、10本380円より少額,見積表示の公開数量別価格表,2026-10-05,https://jp.misumi-ec.com/vona2/detail/110302679970/?HissuCode=MSSFS4-16
固定：価格優先のキャップ頭代案,SCB3-12,選択数,本,1,,,型番確定後確認,M3x0.5; Lはガイド3頁で選択。L25半ねじも可（基部はねじ域）,シリーズ規格表の寸法候補。個別価格未確認,2026-10-05,https://jp.misumi-ec.com/vona2/detail/110300239250/?HissuCode=SCB3-12
固定：価格優先のキャップ頭代案,SCB3-20,選択数,本,1,,,型番確定後確認,M3x0.5; Lはガイド3頁で選択。L25半ねじも可（基部はねじ域）,シリーズ規格表の寸法候補。個別価格未確認,2026-10-05,https://jp.misumi-ec.com/vona2/detail/110300239250/?HissuCode=SCB3-20
固定：価格優先のキャップ頭代案,SCB3-25,選択数,本,1,,,型番確定後確認,M3x0.5; Lはガイド3頁で選択。L25半ねじも可（基部はねじ域）,シリーズ規格表の寸法候補。個別価格未確認,2026-10-05,https://jp.misumi-ec.com/vona2/detail/110300239250/?HissuCode=SCB3-25
固定M3の座金スタック,WSJS-SUS-M3,100〜9999,個,1,30,,1日目／納期割引10日目,SUS304; OD6/ID3.3/t0.5。画像の初期設定は計32枚、100枚3000円,数量50見積の公開数量別価格表。100枚合計は計算,2026-10-05,https://jp.misumi-ec.com/vona2/detail/221000552007/?HissuCode=WSJS-SUS-M3
固定M3の座金スタック,WSJS-SUS-M3,50〜99,個,1,60,,1日目／納期割引10日目,同上。50枚も3000円。100枚購入なら追加調整にも使える,数量50の見積表示確認,2026-10-05,https://jp.misumi-ec.com/vona2/detail/221000552007/?HissuCode=WSJS-SUS-M3
後方M4の小形座金,WSJS-SUS-M4,4,個,1,228,,1日目／納期割引10日目,SUS304; OD8/ID4.5/t0.5。4枚912円,数量4の見積表示確認,2026-10-05,https://jp.misumi-ec.com/vona2/detail/221000552007/?HissuCode=WSJS-SUS-M4
ボディ取付・木ねじ,270011003520,1,パック(85本),1,1200,,6日目,コノエSUS皿木ねじ3.5x20。85本入り、8本使用。頭径/皿角は実物照合,数量1パックの見積表示確認,2026-10-05,https://jp.misumi-ec.com/vona2/detail/221006330995/?HissuCode=270011003520
厚い座金の代案（少量非推奨）,UUW-0306-35,50以上,個,50,63,,8日目,SUS303; OD6/ID3.2/t3.5。50個3150円は表示単価の計算。用途ごとMOQを確認,仕様・最小注文数・通常表示価格確認。見積未確認,2026-10-05,https://jp.misumi-ec.com/vona2/detail/221006201172/?HissuCode=UUW-0306-35
薄い座金の代案（個別購入高価）,UUW-0306-05H,1以上,個,1,314,,1日目／納期割引10日目,SUS304; OD6/ID3.2/t0.5。形状適合候補,仕様・最小注文数・通常表示価格確認。見積未確認,2026-10-05,https://jp.misumi-ec.com/vona2/detail/221006201172/?HissuCode=UUW-0306-05H
固定：丸いボタン頭,SSBCB3-12,見積要確認,本,1,,,現在見積は未取得,頭D5.7/H1.65/六角2; 首下長に応じ座金スタック,公開シリーズ寸法確認・現在価格未確認,2026-10-05,https://jp.misumi-ec.com/vona2/detail/110302280450/
固定：丸いボタン頭,SSBCB3-16,見積要確認,本,1,,,現在見積は未取得,頭D5.7/H1.65/六角2; 首下長に応じ座金スタック,公開シリーズ寸法確認・現在価格未確認,2026-10-05,https://jp.misumi-ec.com/vona2/detail/110302280450/
固定：丸いボタン頭,SSBCB3-20,見積要確認,本,1,,,現在見積は未取得,頭D5.7/H1.65/六角2; 首下長に応じ座金スタック,公開シリーズ寸法確認・現在価格未確認,2026-10-05,https://jp.misumi-ec.com/vona2/detail/110302280450/
固定：丸いボタン頭,SBCB3-25,見積要確認,本,1,,,現在見積は未取得,頭D5.7/H1.65/六角2; 首下長に応じ座金スタック,公開シリーズ寸法確認・現在価格未確認,2026-10-05,https://jp.misumi-ec.com/vona2/detail/110302280450/
